{
  "Net Result": 132.73101942999995,
  "Net Gains $": 291.575190929,
  "Net Losses $": 158.84417149900003,
  "Return %": 0.030528428579780924,
  "Average Amount": 131.75103636363636,
  "Profit Factor": 1.8356052235182927,
  "Win Rate %": 0.7272727272727273,
  "# Wins": 24,
  "# Loss": 9,
  "Fees": -63.74788057000001
}