{
  "Net Result": 29.914358909999947,
  "Net Gains $": 165.393588809,
  "Net Losses $": 135.47922989900002,
  "Return %": 0.008695657417998019,
  "Averange Amount": 137.605968,
  "Profit Factor": 1.2208040223752465,
  "Win Rate %": 0.72,
  "# Wins": 18,
  "# Loss": 7,
  "Fees": -48.49824109
}