{
  "Net Result": 29.914358839999906,
  "Net Gains $": 165.39358873999993,
  "Net Losses $": 135.47922990000004,
  "Return %": 0.008695657397650053,
  "Averange Amount": 137.605968,
  "Profit Factor": 1.2208040218569318,
  "Win Rate %": 0.72,
  "# Wins": 18,
  "# Loss": 7,
  "Fees": -48.49824109
}