{
  "Net Result": 70.06020829100001,
  "Net Gains $": 106.21161194000001,
  "Net Losses $": 36.151403649,
  "Return %": 0.04830136896055433,
  "Averange Amount": 103.60577142857143,
  "Profit Factor": 2.937966474862947,
  "Win Rate %": 0.6428571428571429,
  "# Wins": 9,
  "# Loss": 5,
  "Fees": -25.826691709
}