{
  "Net Result": 61.10861910999995,
  "Net Gains $": 196.587849009,
  "Net Losses $": 135.47922989900002,
  "Return %": 0.016231251261994345,
  "Average Amount": 134.45979285714284,
  "Profit Factor": 1.451055258843415,
  "Win Rate %": 0.75,
  "# Wins": 21,
  "# Loss": 7,
  "Fees": -54.370280890000004
}